id,name,type,country,seasons,tem_anos
62,Ligue 2,League,France,"[2010, 2011, 2012, 2013, 2014, 2015, 2016, 2017, 2018, 2019, 2020, 2021, 2022, 2023, 2024, 2025]",True
61,Ligue 1,League,France,"[2010, 2011, 2012, 2013, 2014, 2015, 2016, 2017, 2018, 2019, 2020, 2021, 2022, 2023, 2024, 2025]",True
144,Jupiler Pro League,League,Belgium,"[2010, 2011, 2012, 2013, 2014, 2015, 2016, 2017, 2018, 2019, 2020, 2021, 2022, 2023, 2024, 2025]",True
71,Serie A,League,Brazil,"[2010, 2011, 2012, 2013, 2014, 2015, 2016, 2017, 2018, 2019, 2020, 2021, 2022, 2023, 2024, 2025]",True
39,Premier League,League,England,"[2010, 2011, 2012, 2013, 2014, 2015, 2016, 2017, 2018, 2019, 2020, 2021, 2022, 2023, 2024, 2025]",True
78,Bundesliga,League,Germany,"[2010, 2011, 2012, 2013, 2014, 2015, 2016, 2017, 2018, 2019, 2020, 2021, 2022, 2023, 2024, 2025]",True
135,Serie A,League,Italy,"[2010, 2011, 2012, 2013, 2014, 2015, 2016, 2017, 2018, 2019, 2020, 2021, 2022, 2023, 2024, 2025]",True
88,Eredivisie,League,Netherlands,"[2010, 2011, 2012, 2013, 2014, 2015, 2016, 2017, 2018, 2019, 2020, 2021, 2022, 2023, 2024, 2025]",True
94,Primeira Liga,League,Portugal,"[2010, 2011, 2012, 2013, 2014, 2015, 2016, 2017, 2018, 2019, 2020, 2021, 2022, 2023, 2024, 2025]",True
140,La Liga,League,Spain,"[2010, 2011, 2012, 2013, 2014, 2015, 2016, 2017, 2018, 2019, 2020, 2021, 2022, 2023, 2024, 2025]",True
179,Premiership,League,Scotland,"[2010, 2011, 2012, 2013, 2014, 2015, 2016, 2017, 2018, 2019, 2020, 2021, 2022, 2023, 2024, 2025]",True
180,Championship,League,Scotland,"[2010, 2011, 2012, 2013, 2014, 2015, 2016, 2017, 2018, 2019, 2020, 2021, 2022, 2023, 2024, 2025]",True
40,Championship,League,England,"[2011, 2012, 2013, 2014, 2015, 2016, 2017, 2018, 2019, 2020, 2021, 2022, 2023, 2024, 2025]",True
46,EFL Trophy,Cup,England,"[2011, 2012, 2013, 2014, 2015, 2016, 2017, 2018, 2019, 2020, 2021, 2022, 2023, 2024, 2025]",True
45,FA Cup,Cup,England,"[2011, 2012, 2013, 2014, 2015, 2016, 2017, 2018, 2019, 2020, 2021, 2022, 2023, 2024, 2025]",True
47,FA Trophy,Cup,England,"[2011, 2012, 2013, 2014, 2015, 2016, 2017, 2018, 2019, 2020, 2021, 2022, 2023, 2024, 2025]",True
48,League Cup,Cup,England,"[2011, 2012, 2013, 2014, 2015, 2016, 2017, 2018, 2019, 2020, 2021, 2022, 2023, 2024, 2025]",True
43,National League,League,England,"[2011, 2012, 2013, 2014, 2015, 2016, 2017, 2018, 2019, 2020, 2021, 2022, 2023, 2024, 2025]",True
41,League One,League,England,"[2011, 2012, 2013, 2014, 2015, 2016, 2017, 2018, 2019, 2020, 2021, 2022, 2023, 2024, 2025]",True
42,League Two,League,England,"[2011, 2012, 2013, 2014, 2015, 2016, 2017, 2018, 2019, 2020, 2021, 2022, 2023, 2024, 2025]",True
568,Eerste Divisie,League,Suriname,"[2011, 2012, 2013, 2014, 2015, 2016, 2017, 2018, 2019, 2021, 2022, 2023, 2024]",True
571,Vysshaya Liga,League,Tajikistan,"[2011, 2012, 2013, 2014, 2015, 2016, 2017, 2018, 2019, 2020, 2021, 2022, 2023, 2024, 2025]",True
586,West Bank Premier League,League,Palestine,"[2011, 2012, 2013, 2014, 2015, 2016, 2017, 2018, 2019, 2020, 2021, 2022, 2023]",True
336,Druha Liga,League,Ukraine,"[2011, 2012, 2013, 2014, 2015, 2016, 2017, 2018, 2019, 2020, 2021, 2022, 2023, 2024, 2025]",True
334,Persha Liga,League,Ukraine,"[2011, 2012, 2013, 2014, 2015, 2016, 2017, 2018, 2019, 2020, 2021, 2022, 2023, 2024, 2025]",True
333,Premier League,League,Ukraine,"[2011, 2012, 2013, 2014, 2015, 2016, 2017, 2018, 2019, 2020, 2021, 2022, 2023, 2024, 2025]",True
301,Pro League,League,United-Arab-Emirates,"[2011, 2012, 2013, 2014, 2015, 2016, 2017, 2018, 2019, 2020, 2021, 2022, 2023, 2024, 2025]",True
303,Division 1,League,United-Arab-Emirates,"[2011, 2012, 2013, 2014, 2015, 2016, 2017, 2018, 2019, 2020, 2021, 2022, 2023, 2024]",True
302,League Cup,Cup,United-Arab-Emirates,"[2011, 2012, 2013, 2014, 2015, 2016, 2017, 2018, 2019, 2020, 2021, 2022, 2023, 2024, 2025]",True
269,Segunda División,League,Uruguay,"[2011, 2012, 2013, 2014, 2015, 2016, 2017, 2018, 2019, 2020, 2021, 2022, 2023, 2024, 2025]",True
202,Ligue 1,League,Tunisia,"[2011, 2012, 2013, 2014, 2015, 2016, 2017, 2018, 2019, 2020, 2021, 2022, 2023, 2024, 2025]",True
203,Süper Lig,League,Turkey,"[2011, 2012, 2013, 2014, 2015, 2016, 2017, 2018, 2019, 2020, 2021, 2022, 2023, 2024, 2025]",True
204,1. Lig,League,Turkey,"[2011, 2012, 2013, 2014, 2015, 2016, 2017, 2018, 2019, 2020, 2021, 2022, 2023, 2024, 2025]",True
205,2. Lig,League,Turkey,"[2011, 2012, 2013, 2014, 2015, 2016, 2017, 2018, 2019, 2020, 2021, 2022, 2023, 2024, 2025]",True
206,Cup,Cup,Turkey,"[2011, 2012, 2013, 2014, 2015, 2016, 2017, 2018, 2019, 2020, 2021, 2022, 2023, 2024, 2025]",True
552,3. Lig - Group 1,League,Turkey,"[2011, 2012, 2013, 2014, 2015, 2016, 2017, 2018, 2019, 2020, 2021, 2022, 2023, 2024, 2025]",True
553,3. Lig - Group 2,League,Turkey,"[2011, 2012, 2013, 2014, 2015, 2016, 2017, 2018, 2019, 2020, 2021, 2022, 2023, 2024, 2025]",True
554,3. Lig - Group 3,League,Turkey,"[2011, 2012, 2013, 2014, 2015, 2016, 2017, 2018, 2019, 2020, 2021, 2022, 2023, 2024, 2025]",True
63,National 1,League,France,"[2011, 2012, 2013, 2014, 2015, 2016, 2017, 2018, 2019, 2020, 2021, 2022, 2023, 2024, 2025]",True
66,Coupe de France,Cup,France,"[2011, 2012, 2013, 2014, 2015, 2016, 2017, 2018, 2019, 2020, 2021, 2022, 2023, 2024]",True
67,National 2 - Group A,League,France,"[2011, 2012, 2013, 2014, 2015, 2016, 2017, 2018, 2019, 2020, 2021, 2022, 2023, 2024, 2025]",True
68,National 2 - Group B,League,France,"[2011, 2012, 2013, 2014, 2015, 2016, 2017, 2018, 2019, 2020, 2021, 2022, 2023, 2024, 2025]",True
69,National 2 - Group C,League,France,"[2011, 2012, 2013, 2014, 2015, 2016, 2017, 2018, 2019, 2020, 2021, 2022, 2023, 2024, 2025]",True
70,National 2 - Group D,League,France,"[2011, 2012, 2013, 2014, 2015, 2016, 2017, 2018, 2019, 2020, 2021, 2022, 2023]",True
233,Premier League,League,Egypt,"[2011, 2012, 2013, 2014, 2015, 2016, 2017, 2018, 2019, 2020, 2021, 2022, 2023, 2024, 2025]",True
370,Primera Division,League,El-Salvador,"[2011, 2012, 2013, 2014, 2015, 2016, 2017, 2018, 2019, 2020, 2021, 2022, 2023, 2024, 2025]",True
328,Esiliiga A,League,Estonia,"[2011, 2012, 2013, 2014, 2015, 2016, 2017, 2018, 2019, 2020, 2021, 2022, 2023, 2024, 2025]",True
329,Meistriliiga,League,Estonia,"[2011, 2012, 2013, 2014, 2015, 2016, 2017, 2018, 2019, 2020, 2021, 2022, 2023, 2024, 2025]",True
512,2nd Division - Group A,League,Albania,"[2011, 2012, 2013, 2014, 2015, 2016, 2017, 2018, 2019, 2020, 2021, 2022, 2023, 2024]",True
513,2nd Division - Group B,League,Albania,"[2011, 2012, 2013, 2014, 2015, 2016, 2017, 2018, 2019, 2020, 2021, 2022, 2023, 2024]",True
312,1a Divisió,League,Andorra,"[2011, 2012, 2013, 2014, 2015, 2016, 2017, 2018, 2019, 2020, 2021, 2022, 2023, 2024, 2025]",True
313,2a Divisió,League,Andorra,"[2011, 2012, 2013, 2014, 2015, 2016, 2017, 2018, 2019, 2020, 2021, 2022, 2023, 2024]",True
131,Primera B Metropolitana,League,Argentina,"[2011, 2012, 2013, 2014, 2015, 2016, 2017, 2018, 2019, 2020, 2021, 2022, 2023, 2024, 2025]",True
129,Primera Nacional,League,Argentina,"[2011, 2012, 2013, 2014, 2015, 2016, 2017, 2018, 2019, 2020, 2021, 2022, 2023, 2024, 2025]",True
132,Primera C,League,Argentina,"[2011, 2012, 2013, 2014, 2015, 2016, 2017, 2018, 2019, 2020, 2021, 2022, 2023, 2024, 2025]",True
133,Primera D,League,Argentina,"[2011, 2012, 2013, 2014, 2015, 2016, 2017, 2018, 2019, 2020, 2021, 2022, 2023]",True
134,Torneo Federal A,League,Argentina,"[2011, 2012, 2013, 2014, 2015, 2016, 2017, 2018, 2019, 2020, 2021, 2022, 2023, 2024, 2025]",True
188,A-League,League,Australia,"[2011, 2012, 2013, 2014, 2015, 2016, 2017, 2018, 2019, 2020, 2021, 2022, 2023, 2024, 2025]",True
191,Brisbane Premier League,League,Australia,"[2011, 2012, 2013, 2014, 2015, 2016, 2017, 2018, 2019, 2020, 2021, 2022, 2023, 2024, 2025]",True
193,Northern Territory Premier League,League,Australia,"[2011, 2012, 2013, 2014, 2015, 2016, 2017, 2018, 2019, 2020, 2021, 2022, 2023, 2024, 2025]",True
220,Cup,Cup,Austria,"[2011, 2012, 2013, 2014, 2015, 2016, 2017, 2018, 2019, 2020, 2021, 2022, 2023, 2024, 2025]",True
219,2. Liga,League,Austria,"[2011, 2012, 2013, 2014, 2015, 2016, 2017, 2018, 2019, 2020, 2021, 2022, 2023, 2024, 2025]",True
218,Bundesliga,League,Austria,"[2011, 2012, 2013, 2014, 2015, 2016, 2017, 2018, 2019, 2020, 2021, 2022, 2023, 2024, 2025]",True
418,Birinci Dasta,League,Azerbaijan,"[2011, 2012, 2013, 2014, 2015, 2016, 2017, 2018, 2019, 2020, 2021, 2022, 2023, 2024, 2025]",True
419,Premyer Liqa,League,Azerbaijan,"[2011, 2012, 2013, 2014, 2015, 2016, 2017, 2018, 2019, 2020, 2021, 2022, 2023, 2024, 2025]",True
222,Regionalliga - Mitte,League,Austria,"[2011, 2012, 2013, 2014, 2015, 2016, 2017, 2018, 2019, 2020, 2021, 2022, 2023, 2024, 2025]",True
221,Regionalliga - Ost,League,Austria,"[2011, 2012, 2013, 2014, 2015, 2016, 2017, 2018, 2019, 2020, 2021, 2022, 2023, 2024, 2025]",True
223,Regionalliga - West,League,Austria,"[2011, 2012, 2013, 2014, 2015, 2016, 2017, 2018, 2019, 2020, 2021, 2022, 2023, 2024, 2025]",True
110,Premier League,League,Wales,"[2011, 2012, 2013, 2014, 2015, 2016, 2017, 2018, 2019, 2020, 2021, 2022, 2023, 2024, 2025]",True
112,Welsh Cup,Cup,Wales,"[2011, 2012, 2013, 2014, 2015, 2016, 2017, 2018, 2019, 2021, 2022, 2023, 2024]",True
299,Primera División,League,Venezuela,"[2011, 2012, 2013, 2014, 2015, 2016, 2017, 2018, 2019, 2020, 2021, 2022, 2023, 2024, 2025]",True
300,Segunda División,League,Venezuela,"[2011, 2012, 2013, 2014, 2015, 2016, 2017, 2018, 2019, 2020, 2021, 2022, 2023, 2024, 2025]",True
406,Professional League,League,Oman,"[2011, 2012, 2013, 2014, 2015, 2016, 2017, 2018, 2019, 2020, 2021, 2022, 2023, 2024, 2025]",True
322,Premier League,League,Jamaica,"[2011, 2012, 2013, 2014, 2015, 2016, 2017, 2018, 2019, 2020, 2021, 2022, 2023, 2024, 2025]",True
387,League,League,Jordan,"[2011, 2012, 2013, 2014, 2015, 2016, 2017, 2018, 2019, 2021, 2022, 2023, 2024, 2025]",True
388,1. Division,League,Kazakhstan,"[2011, 2012, 2013, 2014, 2015, 2016, 2017, 2018, 2019, 2020, 2021, 2022, 2023, 2024, 2025]",True
330,Premier League,League,Kuwait,"[2011, 2012, 2013, 2014, 2015, 2016, 2017, 2018, 2019, 2020, 2021, 2022, 2023, 2024, 2025]",True
119,Superliga,League,Denmark,"[2011, 2012, 2013, 2014, 2015, 2016, 2017, 2018, 2019, 2020, 2021, 2022, 2023, 2024, 2025]",True
120,1. Division,League,Denmark,"[2011, 2012, 2013, 2014, 2015, 2016, 2017, 2018, 2019, 2020, 2021, 2022, 2023, 2024, 2025]",True
124,Denmark Series - Group 1,League,Denmark,"[2011, 2012, 2013, 2014, 2015, 2016, 2017, 2018, 2019, 2020, 2021, 2022, 2023, 2024, 2025]",True
125,Denmark Series - Group 2,League,Denmark,"[2011, 2012, 2013, 2014, 2015, 2016, 2017, 2018, 2019, 2020, 2021, 2022, 2023, 2024, 2025]",True
126,Denmark Series - Group 3,League,Denmark,"[2011, 2012, 2013, 2014, 2015, 2016, 2017, 2018, 2019, 2020, 2021, 2022, 2023, 2024, 2025]",True
234,Liga Nacional,League,Honduras,"[2011, 2012, 2013, 2014, 2015, 2016, 2017, 2018, 2019, 2020, 2021, 2022, 2023, 2024, 2025]",True
381,HKFA 1st Division,League,Hong-Kong,"[2011, 2012, 2013, 2014, 2015, 2016, 2017, 2018, 2019, 2020, 2021, 2022, 2023, 2024]",True
380,Premier League,League,Hong-Kong,"[2011, 2012, 2013, 2014, 2015, 2016, 2017, 2018, 2019, 2020, 2021, 2022, 2023, 2024, 2025]",True
273,Magyar Kupa,Cup,Hungary,"[2011, 2012, 2013, 2014, 2015, 2016, 2017, 2018, 2019, 2020, 2021, 2022, 2023, 2024, 2025]",True
271,NB I,League,Hungary,"[2011, 2012, 2013, 2014, 2015, 2016, 2017, 2018, 2019, 2020, 2021, 2022, 2023, 2024, 2025]",True
272,NB II,League,Hungary,"[2011, 2012, 2013, 2014, 2015, 2016, 2017, 2018, 2019, 2020, 2021, 2022, 2023, 2024, 2025]",True
390,Premier League,League,Lebanon,"[2011, 2012, 2013, 2014, 2015, 2016, 2017, 2018, 2019, 2020, 2021, 2022, 2023, 2024, 2025]",True
261,National Division,League,Luxembourg,"[2011, 2012, 2013, 2014, 2015, 2016, 2017, 2018, 2019, 2020, 2021, 2022, 2023, 2024, 2025]",True
306,Second Division,League,Qatar,"[2011, 2012, 2013, 2014, 2015, 2016, 2017, 2018, 2019, 2020, 2021, 2022, 2023, 2024, 2025]",True
305,Stars League,League,Qatar,"[2011, 2012, 2013, 2014, 2015, 2016, 2017, 2018, 2019, 2020, 2021, 2022, 2023, 2024, 2025]",True
15,FIFA Club World Cup,Cup,World,"[2011, 2013, 2014, 2015, 2016, 2017, 2019, 2020, 2021, 2022, 2023, 2025]",True
326,Erovnuli Liga 2,League,Georgia,"[2011, 2012, 2013, 2014, 2015, 2016, 2017, 2018, 2019, 2020, 2021, 2022, 2023, 2024, 2025]",True
570,Premier League,League,Ghana,"[2011, 2012, 2013, 2014, 2015, 2016, 2017, 2018, 2019, 2020, 2021, 2022, 2023, 2024, 2025]",True
377,Division d'Honneur,League,Guadeloupe,"[2011, 2012, 2013, 2014, 2015, 2016, 2017, 2018, 2019, 2020, 2021, 2022, 2023, 2024]",True
339,Liga Nacional,League,Guatemala,"[2011, 2012, 2013, 2014, 2015, 2016, 2017, 2018, 2019, 2020, 2021, 2022, 2023, 2024, 2025]",True
338,Primera Division,League,Guatemala,"[2011, 2012, 2013, 2014, 2015, 2016, 2017, 2018, 2019, 2020, 2021, 2022, 2023, 2024]",True
199,Cup,Cup,Greece,"[2011, 2012, 2013, 2014, 2015, 2016, 2017, 2018, 2019, 2020, 2021, 2022, 2023, 2024, 2025]",True
197,Super League 1,League,Greece,"[2011, 2012, 2013, 2014, 2015, 2016, 2017, 2018, 2019, 2020, 2021, 2022, 2023, 2024, 2025]",True
79,2. Bundesliga,League,Germany,"[2011, 2012, 2013, 2014, 2015, 2016, 2017, 2018, 2019, 2020, 2021, 2022, 2023, 2024, 2025]",True
80,3. Liga,League,Germany,"[2011, 2012, 2013, 2014, 2015, 2016, 2017, 2018, 2019, 2020, 2021, 2022, 2023, 2024, 2025]",True
529,Super Cup,Cup,Germany,"[2011, 2012, 2013, 2014, 2015, 2016, 2017, 2018, 2019, 2020, 2021, 2022, 2023, 2024, 2025]",True
81,DFB Pokal,Cup,Germany,"[2011, 2012, 2013, 2014, 2015, 2016, 2017, 2018, 2019, 2020, 2021, 2022, 2023, 2024, 2025]",True
2,UEFA Champions League,Cup,World,"[2011, 2012, 2013, 2014, 2015, 2016, 2017, 2018, 2019, 2020, 2021, 2022, 2023, 2024, 2025]",True
311,1st Division,League,Albania,"[2011, 2012, 2013, 2014, 2015, 2016, 2017, 2018, 2019, 2020, 2021, 2022, 2023, 2024, 2025]",True
310,Superliga,League,Albania,"[2011, 2012, 2013, 2014, 2015, 2017, 2018, 2019, 2020, 2021, 2022, 2023, 2024, 2025]",True
186,Ligue 1,League,Algeria,"[2011, 2012, 2013, 2014, 2015, 2016, 2017, 2018, 2019, 2020, 2021, 2022, 2023, 2024, 2025]",True
187,Ligue 2,League,Algeria,"[2011, 2012, 2013, 2014, 2015, 2016, 2017, 2018, 2019, 2020, 2021, 2022, 2023, 2024, 2025]",True
528,Community Shield,Cup,England,"[2012, 2013, 2014, 2015, 2016, 2017, 2018, 2019, 2020, 2021, 2022, 2023, 2024, 2025]",True
72,Serie B,League,Brazil,"[2012, 2013, 2014, 2015, 2016, 2017, 2018, 2019, 2020, 2021, 2022, 2023, 2024, 2025]",True
75,Serie C,League,Brazil,"[2012, 2013, 2014, 2015, 2016, 2017, 2018, 2019, 2020, 2021, 2022, 2023, 2024, 2025]",True
76,Serie D,League,Brazil,"[2012, 2013, 2014, 2015, 2016, 2017, 2018, 2019, 2020, 2021, 2022, 2023, 2024, 2025]",True
585,Premier League,League,Uganda,"[2012, 2013, 2014, 2015, 2016, 2017, 2018, 2019, 2020, 2021, 2022, 2023, 2024]",True
598,Première Division,League,Mali,"[2012, 2013, 2014, 2015, 2016, 2017, 2019, 2020, 2021, 2022, 2023, 2024]",True
253,Major League Soccer,League,USA,"[2012, 2013, 2014, 2015, 2016, 2017, 2018, 2019, 2020, 2021, 2022, 2023, 2024, 2025]",True
268,Primera División - Apertura,League,Uruguay,"[2012, 2013, 2014, 2015, 2016, 2017, 2018, 2019, 2020, 2021, 2022, 2023, 2024, 2025]",True
270,Primera División - Clausura,League,Uruguay,"[2012, 2013, 2014, 2015, 2016, 2017, 2018, 2019, 2020, 2021, 2022, 2023, 2024, 2025]",True
369,Super League,League,Uzbekistan,"[2012, 2013, 2014, 2015, 2016, 2017, 2018, 2019, 2020, 2021, 2022, 2023, 2024, 2025]",True
296,Thai League 1,League,Thailand,"[2012, 2013, 2014, 2015, 2016, 2017, 2018, 2019, 2020, 2021, 2022, 2023, 2024, 2025]",True
297,Thai League 2,League,Thailand,"[2012, 2013, 2014, 2015, 2016, 2017, 2018, 2019, 2020, 2021, 2022, 2023, 2024, 2025]",True
551,Super Cup,Cup,Turkey,"[2012, 2013, 2014, 2015, 2016, 2017, 2018, 2019, 2020, 2021, 2022, 2023, 2024]",True
366,1. Deild,League,Faroe-Islands,"[2012, 2013, 2014, 2015, 2016, 2017, 2018, 2019, 2020, 2021, 2022, 2023, 2024, 2025]",True
367,Meistaradeildin,League,Faroe-Islands,"[2012, 2013, 2014, 2015, 2016, 2017, 2018, 2019, 2020, 2021, 2022, 2023, 2024, 2025]",True
245,Ykkönen,League,Finland,"[2012, 2013, 2014, 2015, 2016, 2017, 2018, 2019, 2020, 2021, 2022, 2023, 2024, 2025]",True
244,Veikkausliiga,League,Finland,"[2012, 2013, 2014, 2015, 2016, 2017, 2018, 2019, 2020, 2021, 2022, 2023, 2024, 2025]",True
246,Suomen Cup,Cup,Finland,"[2012, 2013, 2014, 2015, 2016, 2017, 2018, 2019, 2020, 2021, 2022, 2023, 2024, 2025]",True
247,Kakkonen - Lohko A,League,Finland,"[2012, 2013, 2014, 2015, 2016, 2017, 2018, 2019, 2020, 2021, 2022, 2023, 2024, 2025]",True
248,Kakkonen - Lohko B,League,Finland,"[2012, 2013, 2014, 2015, 2016, 2017, 2018, 2019, 2020, 2021, 2022, 2023, 2024, 2025]",True
249,Kakkonen - Lohko C,League,Finland,"[2012, 2013, 2014, 2015, 2016, 2017, 2018, 2019, 2020, 2021, 2022, 2023, 2024, 2025]",True
526,Trophée des Champions,Cup,France,"[2012, 2013, 2014, 2015, 2016, 2017, 2018, 2019, 2020, 2021, 2022, 2023, 2024]",True
242,Liga Pro,League,Ecuador,"[2012, 2013, 2014, 2015, 2016, 2017, 2018, 2019, 2020, 2021, 2022, 2023, 2024, 2025]",True
243,Liga Pro Serie B,League,Ecuador,"[2012, 2013, 2014, 2015, 2016, 2017, 2018, 2019, 2020, 2021, 2022, 2023, 2024, 2025]",True
397,Girabola,League,Angola,"[2012, 2013, 2014, 2015, 2016, 2017, 2018, 2018, 2019, 2020, 2021, 2022, 2023, 2024]",True
343,First League,League,Armenia,"[2012, 2013, 2014, 2015, 2016, 2017, 2018, 2019, 2020, 2021, 2022, 2023, 2024, 2025]",True
342,Premier League,League,Armenia,"[2012, 2013, 2014, 2015, 2016, 2017, 2018, 2019, 2020, 2021, 2022, 2023, 2024, 2025]",True
481,Northern NSW NPL,League,Australia,"[2012, 2013, 2014, 2015, 2016, 2017, 2018, 2019, 2020, 2021, 2022, 2023, 2024, 2025]",True
116,Premier League,League,Belarus,"[2012, 2013, 2014, 2015, 2016, 2017, 2018, 2019, 2020, 2021, 2022, 2023, 2024, 2025]",True
117,1. Division,League,Belarus,"[2012, 2013, 2014, 2015, 2016, 2017, 2018, 2019, 2020, 2021, 2022, 2023, 2024, 2025]",True
118,2. Division,League,Belarus,"[2012, 2013, 2014, 2015, 2016, 2017, 2018, 2019, 2020, 2021, 2022, 2023, 2024]",True
400,Super League,League,Zambia,"[2012, 2013, 2014, 2015, 2016, 2017, 2018, 2019, 2020, 2021, 2022, 2023, 2024, 2025]",True
340,V.League 1,League,Vietnam,"[2012, 2013, 2014, 2015, 2016, 2017, 2018, 2019, 2020, 2021, 2022, 2023, 2024, 2025, 2026]",True
102,Emperor Cup,Cup,Japan,"[2012, 2013, 2014, 2015, 2016, 2017, 2018, 2019, 2020, 2021, 2022, 2023, 2024, 2025]",True
101,J-League Cup,Cup,Japan,"[2012, 2013, 2014, 2015, 2016, 2017, 2018, 2019, 2020, 2021, 2022, 2023, 2024, 2025]",True
98,J1 League,League,Japan,"[2012, 2013, 2014, 2015, 2016, 2017, 2018, 2019, 2020, 2021, 2022, 2023, 2024, 2025]",True
99,J2 League,League,Japan,"[2012, 2013, 2014, 2015, 2016, 2017, 2018, 2019, 2020, 2021, 2022, 2023, 2024, 2025]",True
100,J3 League,League,Japan,"[2012, 2013, 2014, 2015, 2016, 2017, 2018, 2019, 2020, 2021, 2022, 2023, 2024, 2025]",True
389,Premier League,League,Kazakhstan,"[2012, 2013, 2014, 2015, 2016, 2017, 2018, 2019, 2020, 2021, 2022, 2023, 2024, 2025]",True
276,FKF Premier League,League,Kenya,"[2012, 2013, 2014, 2015, 2016, 2017, 2018, 2018, 2019, 2020, 2021, 2022, 2023, 2024]",True
121,DBU Pokalen,Cup,Denmark,"[2012, 2013, 2014, 2015, 2016, 2017, 2018, 2019, 2020, 2021, 2022, 2023, 2024, 2025]",True
364,1. Liga,League,Latvia,"[2012, 2013, 2014, 2015, 2016, 2017, 2018, 2019, 2020, 2021, 2022, 2023, 2024, 2025]",True
365,Virsliga,League,Latvia,"[2012, 2013, 2014, 2015, 2016, 2017, 2018, 2019, 2020, 2021, 2022, 2023, 2024, 2025]",True
361,1 Lyga,League,Lithuania,"[2012, 2013, 2014, 2015, 2016, 2017, 2018, 2019, 2020, 2021, 2022, 2023, 2024, 2025]",True
362,A Lyga,League,Lithuania,"[2012, 2013, 2014, 2015, 2016, 2017, 2018, 2019, 2020, 2021, 2022, 2023, 2024, 2025]",True
421,Division di Honor,League,Aruba,"[2013, 2014, 2015, 2016, 2017, 2018, 2019, 2020, 2021, 2022, 2023, 2024]",True
420,Cup,Cup,Azerbaijan,"[2013, 2014, 2015, 2016, 2017, 2018, 2019, 2020, 2021, 2022, 2023, 2024]",True
298,FA Cup,Cup,Thailand,"[2013, 2014, 2015, 2016, 2017, 2018, 2019, 2020, 2021, 2022, 2023, 2024]",True
376,National Football League,League,Fiji,"[2013, 2014, 2015, 2016, 2017, 2018, 2019, 2020, 2021, 2022, 2023, 2024, 2025]",True
64,Feminine Division 1,League,France,"[2013, 2014, 2015, 2016, 2017, 2018, 2019, 2020, 2021, 2022, 2023, 2024, 2025]",True
378,Ligue 1,League,Guinea,"[2014, 2015, 2016, 2017, 2018, 2019, 2020, 2021, 2022, 2023, 2024]",True
3,UEFA Europa League,Cup,World,"[2014, 2015, 2016, 2017, 2018, 2019, 2020, 2021, 2022, 2023, 2024, 2025]",True
327,Erovnuli Liga,League,Georgia,"[2014, 2015, 2016, 2017, 2018, 2019, 2020, 2021, 2022, 2023, 2024, 2025]",True
520,Acreano,League,Brazil,"[2014, 2015, 2016, 2017, 2018, 2019, 2020, 2021, 2022, 2023, 2024, 2025]",True
547,Super Cup,Cup,Italy,"[2014, 2015, 2016, 2018, 2019, 2020, 2021, 2022, 2023, 2024]",True
527,Super Cup,Cup,Chile,"[2015, 2016, 2017, 2018, 2019, 2020, 2021, 2022, 2023, 2024, 2025]",True
122,2. Division,League,Denmark,"[2015, 2016, 2017, 2018, 2019, 2020, 2021, 2022, 2023, 2024, 2025]",True
128,Liga Profesional Argentina,League,Argentina,"[2015, 2016, 2017, 2018, 2019, 2020, 2021, 2022, 2023, 2024, 2025]",True
183,League One,League,Scotland,"[2015, 2016, 2017, 2018, 2019, 2020, 2021, 2022, 2023, 2024, 2025]",True
184,League Two,League,Scotland,"[2015, 2016, 2017, 2018, 2019, 2020, 2021, 2022, 2023, 2024, 2025]",True
519,Super Cup,Cup,Belgium,"[2015, 2016, 2017, 2018, 2019, 2020, 2021, 2022, 2023, 2024]",True
567,Ligi kuu Bara,League,Tanzania,"[2015, 2016, 2017, 2018, 2019, 2020, 2021, 2022, 2023, 2024, 2025]",True
255,USL Championship,League,USA,"[2015, 2016, 2017, 2018, 2019, 2020, 2021, 2022, 2023, 2024, 2025]",True
363,Premier League,League,Ethiopia,"[2015, 2016, 2017, 2018, 2019, 2020, 2021, 2022, 2023, 2024]",True
569,Premier League,League,Kyrgyzstan,"[2016, 2017, 2018, 2019, 2020, 2021, 2022, 2023, 2024, 2025]",True
592,Division 2 - Norra Götaland,League,Sweden,"[2016, 2017, 2018, 2019, 2020, 2021, 2022, 2023, 2024, 2025]",True
593,Division 2 - Norra Svealand,League,Sweden,"[2016, 2017, 2018, 2019, 2020, 2021, 2022, 2023, 2024, 2025]",True
594,Division 2 - Norrland,League,Sweden,"[2016, 2017, 2018, 2019, 2020, 2021, 2022, 2023, 2024, 2025]",True
595,Division 2 - Södra Svealand,League,Sweden,"[2016, 2017, 2018, 2019, 2020, 2021, 2022, 2023, 2024, 2025]",True
596,Division 2 - Västra Götaland,League,Sweden,"[2016, 2017, 2018, 2019, 2020, 2021, 2022, 2023, 2024, 2025]",True
597,Division 2 - Östra Götaland,League,Sweden,"[2016, 2017, 2018, 2019, 2020, 2021, 2022, 2023, 2024, 2025]",True
511,Cup,Cup,Tunisia,"[2016, 2017, 2018, 2019, 2020, 2021, 2022, 2023, 2024]",True
141,Segunda División,League,Spain,"[2016, 2017, 2018, 2019, 2020, 2021, 2022, 2023, 2024, 2025]",True
136,Serie B,League,Italy,"[2016, 2017, 2018, 2019, 2020, 2021, 2022, 2023, 2024, 2025]",True
103,Eliteserien,League,Norway,"[2016, 2017, 2018, 2019, 2020, 2021, 2022, 2023, 2024, 2025]",True
89,Eerste Divisie,League,Netherlands,"[2016, 2017, 2018, 2019, 2020, 2021, 2022, 2023, 2024, 2025]",True
95,Segunda Liga,League,Portugal,"[2016, 2017, 2018, 2019, 2020, 2021, 2022, 2023, 2024, 2025]",True
113,Allsvenskan,League,Sweden,"[2016, 2017, 2018, 2019, 2020, 2021, 2022, 2023, 2024, 2025]",True
162,Primera División,League,Costa-Rica,"[2016, 2017, 2018, 2019, 2020, 2021, 2022, 2023, 2024, 2025]",True
164,Úrvalsdeild,League,Iceland,"[2016, 2017, 2018, 2019, 2020, 2021, 2022, 2023, 2024, 2025]",True
169,Super League,League,China,"[2016, 2017, 2018, 2019, 2020, 2021, 2022, 2023, 2024, 2025]",True
137,Coppa Italia,Cup,Italy,"[2016, 2017, 2018, 2019, 2020, 2021, 2022, 2023, 2024, 2025]",True
200,Botola Pro,League,Morocco,"[2016, 2017, 2018, 2019, 2020, 2021, 2022, 2023, 2024, 2025]",True
207,Super League,League,Switzerland,"[2016, 2017, 2018, 2019, 2020, 2021, 2022, 2023, 2024, 2025]",True
210,HNL,League,Croatia,"[2016, 2017, 2018, 2019, 2020, 2021, 2022, 2023, 2024, 2025]",True
235,Premier League,League,Russia,"[2016, 2017, 2018, 2019, 2020, 2021, 2022, 2023, 2024, 2025]",True
239,Primera A,League,Colombia,"[2016, 2017, 2018, 2019, 2020, 2021, 2022, 2023, 2024, 2025]",True
250,Division Profesional - Apertura,League,Paraguay,"[2016, 2017, 2018, 2019, 2020, 2021, 2022, 2023, 2024, 2025]",True
73,Copa Do Brasil,Cup,Brazil,"[2016, 2017, 2018, 2019, 2020, 2021, 2022, 2023, 2024, 2025]",True
90,KNVB Beker,Cup,Netherlands,"[2016, 2017, 2018, 2019, 2020, 2021, 2022, 2023, 2024, 2025]",True
145,Challenger Pro League,League,Belgium,"[2016, 2017, 2018, 2019, 2020, 2021, 2022, 2023, 2024, 2025]",True
173,Second League,League,Bulgaria,"[2016, 2017, 2018, 2019, 2020, 2021, 2022, 2023, 2024, 2025]",True
170,League One,League,China,"[2016, 2017, 2018, 2019, 2020, 2021, 2022, 2023, 2024, 2025]",True
189,Capital Territory NPL,League,Australia,"[2016, 2017, 2018, 2019, 2020, 2021, 2022, 2023, 2024, 2025]",True
240,Primera B,League,Colombia,"[2016, 2017, 2018, 2019, 2020, 2021, 2022, 2023, 2024, 2025]",True
211,First NL,League,Croatia,"[2016, 2017, 2018, 2019, 2020, 2021, 2022, 2023, 2024, 2025]",True
138,Serie C - Girone A,League,Italy,"[2016, 2017, 2018, 2019, 2020, 2021, 2022, 2023, 2024, 2025]",True
146,Super League Women,League,Belgium,"[2016, 2017, 2018, 2019, 2020, 2021, 2022, 2023, 2024, 2025]",True
74,Brasileiro Women,League,Brazil,"[2016, 2017, 2018, 2019, 2020, 2021, 2022, 2023, 2024, 2025]",True
44,FA WSL,League,England,"[2016, 2017, 2018, 2019, 2020, 2021, 2022, 2023, 2024, 2025]",True
82,Frauen Bundesliga,League,Germany,"[2016, 2017, 2018, 2019, 2020, 2021, 2022, 2023, 2024, 2025]",True
139,Serie A Women,League,Italy,"[2016, 2017, 2018, 2019, 2020, 2021, 2022, 2023, 2024]",True
91,Eredivisie Women,League,Netherlands,"[2016, 2017, 2018, 2019, 2020, 2021, 2022, 2023, 2024, 2025]",True
142,Primera División Femenina,League,Spain,"[2016, 2017, 2018, 2019, 2020, 2021, 2022, 2023, 2024, 2025]",True
190,A-League Women,League,Australia,"[2016, 2017, 2018, 2019, 2020, 2021, 2022, 2023, 2024]",True
236,First League,League,Russia,"[2016, 2017, 2018, 2019, 2020, 2021, 2022, 2023, 2024, 2025]",True
165,1. Deild,League,Iceland,"[2016, 2017, 2018, 2019, 2020, 2021, 2022, 2023, 2024, 2025]",True
251,Division Intermedia,League,Paraguay,"[2016, 2017, 2018, 2019, 2020, 2021, 2022, 2023, 2024, 2025]",True
104,1. Division,League,Norway,"[2016, 2017, 2018, 2019, 2020, 2021, 2022, 2023, 2024, 2025]",True
114,Superettan,League,Sweden,"[2016, 2017, 2018, 2019, 2020, 2021, 2022, 2023, 2024, 2025]",True
208,Challenge League,League,Switzerland,"[2016, 2017, 2018, 2019, 2020, 2021, 2022, 2023, 2024, 2025]",True
262,Liga MX,League,Mexico,"[2016, 2017, 2018, 2019, 2020, 2021, 2022, 2023, 2024, 2025]",True
263,Liga de Expansión MX,League,Mexico,"[2016, 2017, 2018, 2019, 2020, 2021, 2022, 2023, 2024, 2025]",True
259,Canadian Championship,Cup,Canada,"[2016, 2017, 2018, 2019, 2020, 2021, 2022, 2023, 2024, 2025]",True
278,Super League,League,Malaysia,"[2016, 2017, 2018, 2019, 2020, 2021, 2022, 2023, 2024, 2025]",True
281,Primera División,League,Peru,"[2016, 2017, 2018, 2019, 2020, 2021, 2022, 2023, 2024, 2025]",True
282,Segunda División,League,Peru,"[2016, 2017, 2018, 2019, 2020, 2021, 2022, 2023, 2024, 2025]",True
283,Liga I,League,Romania,"[2016, 2017, 2018, 2019, 2020, 2021, 2022, 2023, 2024, 2025]",True
284,Liga II,League,Romania,"[2016, 2017, 2018, 2019, 2020, 2021, 2022, 2023, 2024, 2025]",True
286,Super Liga,League,Serbia,"[2016, 2017, 2018, 2019, 2020, 2021, 2022, 2023, 2024, 2025]",True
287,Prva Liga,League,Serbia,"[2016, 2017, 2018, 2019, 2020, 2021, 2022, 2023, 2024, 2025]",True
288,Premier Soccer League,League,South-Africa,"[2016, 2017, 2018, 2019, 2020, 2021, 2022, 2023, 2024, 2025]",True
289,1st Division,League,South-Africa,"[2016, 2017, 2018, 2019, 2020, 2021, 2022, 2023, 2024, 2025]",True
290,Persian Gulf Pro League,League,Iran,"[2016, 2017, 2018, 2019, 2020, 2021, 2022, 2023, 2024, 2025]",True
291,Azadegan League,League,Iran,"[2016, 2017, 2018, 2019, 2020, 2021, 2022, 2023, 2024, 2025]",True
292,K League 1,League,South-Korea,"[2016, 2017, 2018, 2019, 2020, 2021, 2022, 2023, 2024, 2025]",True
293,K League 2,League,South-Korea,"[2016, 2017, 2018, 2019, 2020, 2021, 2022, 2023, 2024, 2025]",True
307,Pro League,League,Saudi-Arabia,"[2016, 2017, 2018, 2019, 2020, 2021, 2022, 2023, 2024, 2025]",True
308,Division 1,League,Saudi-Arabia,"[2016, 2017, 2018, 2019, 2020, 2021, 2022, 2023, 2024, 2025]",True
252,Division Profesional - Clausura,League,Paraguay,"[2016, 2017, 2018, 2019, 2020, 2021, 2022, 2023, 2024, 2025]",True
522,Amazonense,League,Brazil,"[2016, 2017, 2018, 2019, 2020, 2021, 2022, 2023, 2024, 2025]",True
531,UEFA Super Cup,Cup,World,"[2016, 2017, 2018, 2019, 2020, 2021, 2022, 2023, 2024, 2025]",True
543,Super Cup,Cup,Netherlands,"[2016, 2017, 2018, 2019, 2020, 2021, 2022, 2023, 2024]",True
550,Super Cup,Cup,Portugal,"[2016, 2017, 2018, 2019, 2020, 2021, 2022, 2023, 2024, 2025]",True
555,Supercupa,Cup,Romania,"[2016, 2017, 2018, 2019, 2020, 2021, 2022, 2023, 2024, 2025]",True
556,Super Cup,Cup,Spain,"[2016, 2017, 2018, 2019, 2020, 2021, 2022, 2023, 2024, 2025]",True
497,Japan Football League,League,Japan,"[2016, 2017, 2018, 2019, 2020, 2021, 2022, 2023, 2024, 2025]",True
127,Denmark Series - Group 4,League,Denmark,"[2016, 2017, 2018, 2019, 2020, 2021, 2022, 2023, 2024, 2025]",True
563,Ettan - Norra,League,Sweden,"[2016, 2017, 2018, 2019, 2020, 2021, 2022, 2023, 2024, 2025]",True
564,Ettan - Södra,League,Sweden,"[2016, 2017, 2018, 2019, 2020, 2021, 2022, 2023, 2024, 2025]",True
166,2. Deild,League,Iceland,"[2016, 2017, 2018, 2019, 2020, 2021, 2022, 2023, 2024, 2025]",True
368,Premier League,League,Singapore,"[2016, 2017, 2018, 2019, 2020, 2021, 2022, 2023, 2024, 2025]",True
314,Cup,Cup,Bosnia,"[2016, 2017, 2018, 2019, 2020, 2021, 2022, 2023, 2024]",True
315,Premijer Liga,League,Bosnia,"[2016, 2017, 2018, 2019, 2020, 2021, 2022, 2023, 2024, 2025]",True
371,First League,League,Macedonia,"[2016, 2017, 2018, 2019, 2020, 2021, 2022, 2023, 2024, 2025]",True
382,Liga Leumit,League,Israel,"[2016, 2017, 2018, 2019, 2020, 2021, 2022, 2023, 2024, 2025]",True
383,Ligat Ha'al,League,Israel,"[2016, 2017, 2018, 2019, 2020, 2021, 2022, 2023, 2024, 2025]",True
386,Ligue 1,League,Ivory-Coast,"[2016, 2017, 2018, 2019, 2020, 2021, 2022, 2023, 2024, 2025]",True
392,Challenge League,League,Malta,"[2016, 2017, 2018, 2019, 2020, 2021, 2022, 2023, 2024, 2025]",True
393,Premier League,League,Malta,"[2016, 2017, 2018, 2019, 2020, 2021, 2022, 2023, 2024, 2025]",True
394,Super Liga,League,Moldova,"[2016, 2017, 2018, 2019, 2020, 2021, 2022, 2023, 2024, 2025]",True
396,Primera Division,League,Nicaragua,"[2016, 2017, 2018, 2019, 2020, 2021, 2022, 2023, 2024, 2025]",True
96,Taça de Portugal,Cup,Portugal,"[2016, 2017, 2018, 2019, 2020, 2021, 2022, 2023, 2024, 2025]",True
399,NPFL,League,Nigeria,"[2016, 2017, 2018, 2019, 2020, 2021, 2022, 2023, 2024, 2025, 2026]",True
403,Ligue 1,League,Senegal,"[2016, 2017, 2018, 2019, 2020, 2021, 2022, 2023, 2024]",True
404,Campionato,League,San-Marino,"[2016, 2017, 2018, 2019, 2020, 2021, 2022, 2023, 2024, 2025]",True
411,Elite One,League,Cameroon,"[2016, 2017, 2018, 2019, 2020, 2021, 2022, 2023, 2024, 2025]",True
410,C-League,League,Cambodia,"[2016, 2017, 2018, 2019, 2020, 2021, 2022, 2023, 2024, 2025]",True
417,Premier League,League,Bahrain,"[2016, 2017, 2018, 2019, 2020, 2021, 2022, 2023, 2024, 2025]",True
415,Championnat National,League,Benin,"[2016, 2018, 2019, 2020, 2021, 2022, 2023, 2024]",True
414,Premier League,League,Bermuda,"[2016, 2017, 2018, 2019, 2020, 2021, 2022, 2023, 2024]",True
412,Premier League,League,Botswana,"[2016, 2017, 2018, 2019, 2021, 2022, 2023, 2024]",True
398,Premier League,League,Bangladesh,"[2016, 2017, 2019, 2020, 2021, 2022, 2023, 2024, 2025]",True
16,CONCACAF Champions League,Cup,World,"[2016, 2017, 2018, 2019, 2020, 2021, 2022, 2023, 2024, 2025]",True
17,AFC Champions League,Cup,World,"[2016, 2017, 2018, 2019, 2020, 2021, 2022, 2023, 2024, 2025]",True
317,1st League - RS,League,Bosnia,"[2016, 2017, 2018, 2019, 2020, 2021, 2022, 2023, 2024, 2025]",True
316,1st League - FBiH,League,Bosnia,"[2016, 2017, 2018, 2019, 2020, 2021, 2022, 2023, 2024, 2025]",True
295,K3 League,League,South-Korea,"[2016, 2017, 2018, 2019, 2020, 2021, 2022, 2023, 2024, 2025]",True
495,Hazfi Cup,Cup,Iran,"[2016, 2017, 2018, 2019, 2020, 2021, 2022, 2023, 2024]",True
496,Liga Alef,League,Israel,"[2016, 2017, 2018, 2019, 2020, 2021, 2022, 2023, 2024, 2025]",True
506,2. liga,League,Slovakia,"[2016, 2017, 2018, 2019, 2020, 2021, 2022, 2023, 2024, 2025]",True
521,Amapaense,League,Brazil,"[2016, 2017, 2018, 2019, 2020, 2021, 2022, 2023, 2024, 2025]",True
488,U19 Bundesliga,League,Germany,"[2016, 2017, 2018, 2019, 2020, 2021, 2022, 2023, 2024, 2025]",True
559,League Cup,Cup,Northern-Ireland,"[2017, 2018, 2019, 2021, 2022, 2023, 2024, 2025]",True
560,Presidents Cup,Cup,United-Arab-Emirates,"[2017, 2018, 2019, 2020, 2021, 2022, 2023, 2024, 2025]",True
561,Premier Intermediate League,League,Northern-Ireland,"[2017, 2018, 2019, 2021, 2022, 2023, 2024, 2025]",True
407,Championship,League,Northern-Ireland,"[2017, 2018, 2019, 2020, 2021, 2022, 2023, 2024, 2025]",True
408,Premiership,League,Northern-Ireland,"[2017, 2018, 2019, 2020, 2021, 2022, 2023, 2024, 2025]",True
331,Division 1,League,Kuwait,"[2017, 2018, 2019, 2020, 2021, 2022, 2023, 2024, 2025]",True
584,Premier League,League,Libya,"[2017, 2018, 2019, 2021, 2022, 2023, 2024]",True
589,Taiwan Football Premier League,League,Chinese-Taipei,"[2017, 2018, 2019, 2020, 2021, 2022, 2023, 2024, 2025]",True
258,Canadian Soccer League,League,Canada,"[2017, 2018, 2019, 2020, 2021, 2022, 2023, 2024, 2025]",True
274,Liga 1,League,Indonesia,"[2017, 2018, 2019, 2020, 2021, 2022, 2023, 2024, 2025]",True
304,Liga Panameña de Fútbol,League,Panama,"[2017, 2018, 2019, 2020, 2021, 2022, 2023, 2024, 2025]",True
372,Second League,League,Macedonia,"[2017, 2018, 2019, 2020, 2021, 2022, 2023, 2024, 2025]",True
174,Cup,Cup,Bulgaria,"[2017, 2018, 2019, 2020, 2021, 2022, 2023, 2024]",True
10,Friendlies,Cup,World,"[2017, 2018, 2019, 2020, 2021, 2022, 2023, 2024, 2025]",True
14,UEFA Youth League,League,World,"[2017, 2018, 2019, 2020, 2021, 2022, 2023, 2024, 2025]",True
18,AFC Cup,Cup,World,"[2017, 2018, 2019, 2020, 2021, 2022, 2023, 2024, 2025]",True
20,CAF Confederation Cup,Cup,World,"[2017, 2018, 2019, 2020, 2021, 2022, 2023, 2024, 2025]",True
425,Premier League,League,Syria,"[2017, 2018, 2019, 2020, 2021, 2022, 2023, 2024]",True
77,Alagoano,Cup,Brazil,"[2017, 2018, 2019, 2020, 2021, 2022, 2023, 2024, 2025]",True
185,League Cup,Cup,Scotland,"[2017, 2018, 2019, 2020, 2021, 2022, 2023, 2024, 2025]",True
492,Tweede Divisie,League,Netherlands,"[2017, 2018, 2019, 2020, 2021, 2022, 2023, 2024, 2025]",True
498,Cup,Cup,Kazakhstan,"[2017, 2018, 2019, 2020, 2021, 2022, 2023, 2024, 2025]",True
504,King's Cup,Cup,Saudi-Arabia,"[2017, 2018, 2019, 2020, 2021, 2022, 2023, 2024, 2025, 2026]",True
507,Cup,Cup,South-Africa,"[2017, 2018, 2019, 2020, 2021, 2022, 2023, 2024]",True
510,1. Liga Promotion,League,Switzerland,"[2017, 2018, 2019, 2020, 2021, 2022, 2023, 2024, 2025]",True
149,Second Amateur Division - VFV A,League,Belgium,"[2018, 2019, 2020, 2021, 2022, 2023, 2024, 2025]",True
150,Second Amateur Division - VFV B,League,Belgium,"[2018, 2019, 2020, 2021, 2022, 2023, 2024, 2025]",True
151,Third Amateur Division - VFV A,League,Belgium,"[2018, 2019, 2020, 2021, 2022, 2023, 2024]",True
152,Third Amateur Division - VFV B,League,Belgium,"[2018, 2019, 2020, 2021, 2022, 2023, 2024]",True
175,Third League - Northeast,League,Bulgaria,"[2018, 2019, 2020, 2021, 2022, 2023, 2024, 2025]",True
176,Third League - Northwest,League,Bulgaria,"[2018, 2019, 2020, 2021, 2022, 2023, 2024, 2025]",True
177,Third League - Southeast,League,Bulgaria,"[2018, 2019, 2020, 2021, 2022, 2023, 2024, 2025]",True
178,Third League - Southwest,League,Bulgaria,"[2018, 2019, 2020, 2021, 2022, 2023, 2024, 2025]",True
491,Løgmanssteypid,Cup,Faroe-Islands,"[2018, 2019, 2020, 2021, 2022, 2023, 2024, 2025]",True
499,Malaysia Cup,Cup,Malaysia,"[2018, 2019, 2020, 2021, 2022, 2023, 2024]",True
530,Super Cup,Cup,Georgia,"[2018, 2019, 2020, 2021, 2022, 2023, 2024, 2025]",True
544,FA Cup,Cup,Hong-Kong,"[2018, 2020, 2021, 2022, 2023, 2024, 2025]",True
256,USL League Two,League,USA,"[2018, 2019, 2020, 2021, 2022, 2023, 2024, 2025]",True
373,1. SNL,League,Slovenia,"[2018, 2019, 2020, 2021, 2022, 2023, 2024, 2025]",True
374,2. SNL,League,Slovenia,"[2018, 2019, 2020, 2021, 2022, 2023, 2024, 2025]",True
143,Copa del Rey,Cup,Spain,"[2018, 2019, 2020, 2021, 2022, 2023, 2024]",True
405,National Soccer League,League,Rwanda,"[2018, 2019, 2020, 2021, 2022, 2023, 2024, 2025]",True
416,Premier League,League,Belize,"[2018, 2019, 2021, 2022, 2023, 2024]",True
212,Cup,Cup,Croatia,"[2018, 2019, 2020, 2021, 2022, 2023, 2024, 2025]",True
384,State Cup,Cup,Israel,"[2018, 2019, 2020, 2021, 2022, 2023, 2024]",True
285,Cupa României,Cup,Romania,"[2018, 2019, 2020, 2021, 2022, 2023, 2024, 2025]",True
321,Cup,Cup,Cyprus,"[2018, 2019, 2020, 2021, 2022, 2023, 2024]",True
106,Ekstraklasa,League,Poland,"[2018, 2019, 2020, 2021, 2022, 2023, 2024, 2025]",True
172,First League,League,Bulgaria,"[2018, 2019, 2020, 2021, 2022, 2023, 2024, 2025]",True
163,Liga de Ascenso,League,Costa-Rica,"[2018, 2019, 2020, 2021, 2022, 2023, 2024, 2025]",True
111,FAW Championship,League,Wales,"[2018, 2019, 2021, 2022, 2023, 2024, 2025]",True
265,Primera División,League,Chile,"[2018, 2019, 2020, 2021, 2022, 2023, 2024, 2025]",True
266,Primera B,League,Chile,"[2018, 2019, 2020, 2021, 2022, 2023, 2024, 2025]",True
277,Super League,League,Kenya,"[2018, 2021, 2022, 2023, 2024]",True
318,1. Division,League,Cyprus,"[2018, 2019, 2020, 2021, 2022, 2023, 2024, 2025]",True
319,2. Division,League,Cyprus,"[2018, 2019, 2020, 2021, 2022, 2023, 2024, 2025]",True
320,3. Division,League,Cyprus,"[2018, 2019, 2020, 2021, 2022, 2023, 2024, 2025]",True
201,Botola 2,League,Morocco,"[2018, 2019, 2020, 2021, 2022, 2023, 2024, 2025]",True
323,Indian Super League,League,India,"[2018, 2019, 2020, 2021, 2022, 2023, 2024]",True
324,I-League,League,India,"[2018, 2019, 2020, 2021, 2022, 2023, 2024]",True
107,I Liga,League,Poland,"[2018, 2019, 2020, 2021, 2022, 2023, 2024, 2025]",True
332,Super Liga,League,Slovakia,"[2018, 2019, 2020, 2021, 2022, 2023, 2024, 2025]",True
345,Czech Liga,League,Czech-Republic,"[2018, 2019, 2020, 2021, 2022, 2023, 2024, 2025]",True
346,FNL,League,Czech-Republic,"[2018, 2019, 2020, 2021, 2022, 2023, 2024, 2025]",True
355,First League,League,Montenegro,"[2018, 2019, 2020, 2021, 2022, 2023, 2024, 2025]",True
356,Second League,League,Montenegro,"[2018, 2019, 2020, 2021, 2022, 2023, 2024, 2025]",True
344,Primera División,League,Bolivia,"[2018, 2019, 2020, 2021, 2022, 2023, 2024, 2025]",True
942,Serie C - Girone B,League,Italy,"[2018, 2019, 2020, 2021, 2022, 2023, 2024, 2025]",True
943,Serie C - Girone C,League,Italy,"[2018, 2019, 2020, 2021, 2022, 2023, 2024, 2025]",True
714,Cup,Cup,Egypt,"[2019, 2020, 2021, 2022, 2023, 2024]",True
772,Leagues Cup,Cup,World,"[2019, 2021, 2022, 2023, 2024, 2025]",True
638,Kvindeliga,League,Denmark,"[2019, 2020, 2021, 2022, 2023, 2024, 2025]",True
655,Copa Constitució,Cup,Andorra,"[2019, 2020, 2021, 2022, 2023, 2024]",True
664,Superliga,League,Kosovo,"[2019, 2020, 2021, 2022, 2023, 2024, 2025]",True
665,Cup,Cup,Kosovo,"[2019, 2020, 2021, 2022, 2023, 2024]",True
677,QSL Cup,Cup,Qatar,"[2019, 2020, 2021, 2022, 2023, 2024, 2025]",True
698,FA Women's Cup,Cup,England,"[2019, 2020, 2021, 2022, 2023, 2024]",True
224,Landesliga - Burgenland,League,Austria,"[2019, 2020, 2021, 2022, 2023, 2024, 2025]",True
225,Landesliga - Karnten,League,Austria,"[2019, 2020, 2021, 2022, 2023, 2024, 2025]",True
226,Landesliga - Niederosterreich,League,Austria,"[2019, 2020, 2021, 2022, 2023, 2024, 2025]",True
227,Landesliga - Oberosterreich,League,Austria,"[2019, 2020, 2021, 2022, 2023, 2024, 2025]",True
228,Landesliga - Salzburg,League,Austria,"[2019, 2020, 2021, 2022, 2023, 2024, 2025]",True
229,Landesliga - Steiermark,League,Austria,"[2019, 2020, 2021, 2022, 2023, 2024, 2025]",True
230,Landesliga - Tirol,League,Austria,"[2019, 2020, 2021, 2022, 2023, 2024, 2025]",True
231,Landesliga - Vorarlbergliga,League,Austria,"[2019, 2020, 2021, 2022, 2023, 2024, 2025]",True
232,Landesliga - Wien,League,Austria,"[2019, 2020, 2021, 2022, 2023, 2024, 2025]",True
148,Second Amateur Division - ACFF,League,Belgium,"[2019, 2020, 2021, 2022, 2023, 2024, 2025]",True
153,Provincial - Antwerpen,League,Belgium,"[2019, 2020, 2021, 2022, 2023, 2024]",True
154,Provincial - Brabant VFV,League,Belgium,"[2019, 2020, 2021, 2022, 2023, 2024]",True
155,Provincial - Hainaut,League,Belgium,"[2019, 2020, 2021, 2022, 2023, 2024]",True
156,Provincial - Liege,League,Belgium,"[2019, 2020, 2021, 2022, 2023, 2024]",True
157,Provincial - Limburg,League,Belgium,"[2019, 2020, 2021, 2022, 2023, 2024]",True
158,Provincial - Luxembourg,League,Belgium,"[2019, 2020, 2021, 2022, 2023, 2024]",True
159,Provincial - Namur,League,Belgium,"[2019, 2020, 2021, 2022, 2023, 2024]",True
160,Provincial - Oost-Vlaanderen,League,Belgium,"[2019, 2020, 2021, 2022, 2023, 2024]",True
161,Provincial - West-Vlaanderen,League,Belgium,"[2019, 2020, 2021, 2022, 2023, 2024]",True
423,Ligue 1,League,Burkina-Faso,"[2019, 2020, 2021, 2022, 2023, 2024, 2025]",True
424,Ligue 1,League,Congo-DR,"[2019, 2020, 2021, 2022, 2023, 2024]",True
213,Third NL - Istok,League,Croatia,"[2019, 2020, 2021, 2022, 2023, 2024]",True
214,Third NL - Jug,League,Croatia,"[2019, 2020, 2021, 2022, 2023, 2024]",True
215,Third NL - Sjever,League,Croatia,"[2019, 2020, 2021, 2022, 2023, 2024]",True
216,Third NL - Sredite,League,Croatia,"[2019, 2020, 2021, 2022, 2023, 2024]",True
217,Third NL - Zapad,League,Croatia,"[2019, 2020, 2021, 2022, 2023, 2024]",True
348,3. liga - CFL A,League,Czech-Republic,"[2019, 2020, 2021, 2022, 2023, 2024, 2025]",True
349,3. liga - MSFL,League,Czech-Republic,"[2019, 2020, 2021, 2022, 2023, 2024, 2025]",True
350,4. liga - Divizie A,League,Czech-Republic,"[2019, 2020, 2021, 2022, 2023, 2024, 2025]",True
351,4. liga - Divizie B,League,Czech-Republic,"[2019, 2020, 2021, 2022, 2023, 2024, 2025]",True
352,4. liga - Divizie C,League,Czech-Republic,"[2019, 2020, 2021, 2022, 2023, 2024, 2025]",True
353,4. liga - Divizie D,League,Czech-Republic,"[2019, 2020, 2021, 2022, 2023, 2024, 2025]",True
354,4. liga - Divizie E,League,Czech-Republic,"[2019, 2020, 2021, 2022, 2023, 2024, 2025]",True
50,National League - North,League,England,"[2019, 2020, 2021, 2022, 2023, 2024, 2025]",True
51,National League - South,League,England,"[2019, 2020, 2021, 2022, 2023, 2024, 2025]",True
52,Non League Div One - Isthmian North,League,England,"[2019, 2020, 2021, 2022, 2023, 2024, 2025]",True
53,Non League Div One - Isthmian South Central,League,England,"[2019, 2020, 2021, 2022, 2023, 2024, 2025]",True
56,Non League Div One - Southern South,League,England,"[2019, 2020, 2021, 2022, 2023, 2024, 2025]",True
57,Non League Div One - Isthmian South East,League,England,"[2019, 2020, 2021, 2022, 2023, 2024, 2025]",True
58,Non League Premier - Isthmian,League,England,"[2019, 2020, 2021, 2022, 2023, 2024, 2025]",True
59,Non League Premier - Northern,League,England,"[2019, 2020, 2021, 2022, 2023, 2024, 2025]",True
60,Non League Premier - Southern South,League,England,"[2019, 2020, 2021, 2022, 2023, 2024, 2025]",True
92,Derde Divisie - Saturday,League,Netherlands,"[2019, 2020, 2021, 2022, 2023, 2024, 2025]",True
93,Derde Divisie - Sunday,League,Netherlands,"[2019, 2020, 2021, 2022, 2023, 2024, 2025]",True
109,II Liga - East,League,Poland,"[2019, 2020, 2021, 2022, 2023, 2024, 2025]",True
341,Cup,Cup,Vietnam,"[2019, 2020, 2021, 2022, 2023, 2024, 2025, 2026]",True
238,Youth Championship,League,Russia,"[2019, 2020, 2021, 2022, 2023, 2024, 2025]",True
83,Regionalliga - Bayern,League,Germany,"[2019, 2021, 2022, 2023, 2024, 2025]",True
84,Regionalliga - Nord,League,Germany,"[2019, 2020, 2021, 2022, 2023, 2024, 2025]",True
85,Regionalliga - Nordost,League,Germany,"[2019, 2020, 2021, 2022, 2023, 2024, 2025]",True
86,Regionalliga - SudWest,League,Germany,"[2019, 2020, 2021, 2022, 2023, 2024, 2025]",True
87,Regionalliga - West,League,Germany,"[2019, 2020, 2021, 2022, 2023, 2024, 2025]",True
426,Serie D - Girone A,League,Italy,"[2019, 2021, 2022, 2023, 2024, 2025]",True
427,Serie D - Girone B,League,Italy,"[2019, 2021, 2022, 2023, 2024, 2025]",True
428,Serie D - Girone C,League,Italy,"[2019, 2021, 2022, 2023, 2024, 2025]",True
429,Serie D - Girone D,League,Italy,"[2019, 2021, 2022, 2023, 2024, 2025]",True
430,Serie D - Girone E,League,Italy,"[2019, 2021, 2022, 2023, 2024, 2025]",True
431,Serie D - Girone F,League,Italy,"[2019, 2021, 2022, 2023, 2024, 2025]",True
432,Serie D - Girone G,League,Italy,"[2019, 2021, 2022, 2023, 2024, 2025]",True
433,Serie D - Girone H,League,Italy,"[2019, 2021, 2022, 2023, 2024, 2025]",True
434,Serie D - Girone I,League,Italy,"[2019, 2021, 2022, 2023, 2024, 2025]",True
435,Primera División RFEF - Group 1,League,Spain,"[2019, 2020, 2021, 2022, 2023, 2024, 2025]",True
436,Primera División RFEF - Group 2,League,Spain,"[2019, 2020, 2021, 2022, 2023, 2024, 2025]",True
439,Tercera División RFEF - Group 1,League,Spain,"[2019, 2020, 2021, 2022, 2023, 2024, 2025]",True
440,Tercera División RFEF - Group 2,League,Spain,"[2019, 2020, 2021, 2022, 2023, 2024, 2025]",True
441,Tercera División RFEF - Group 3,League,Spain,"[2019, 2020, 2021, 2022, 2023, 2024, 2025]",True
442,Tercera División RFEF - Group 4,League,Spain,"[2019, 2020, 2021, 2022, 2023, 2024, 2025]",True
443,Tercera División RFEF - Group 5,League,Spain,"[2019, 2020, 2021, 2022, 2023, 2024, 2025]",True
444,Tercera División RFEF - Group 6,League,Spain,"[2019, 2020, 2021, 2022, 2023, 2024, 2025]",True
445,Tercera División RFEF - Group 7,League,Spain,"[2019, 2020, 2021, 2022, 2023, 2024, 2025]",True
446,Tercera División RFEF - Group 8,League,Spain,"[2019, 2020, 2021, 2022, 2023, 2024, 2025]",True
447,Tercera División RFEF - Group 9,League,Spain,"[2019, 2020, 2021, 2022, 2023, 2024, 2025]",True
448,Tercera División RFEF - Group 10,League,Spain,"[2019, 2020, 2021, 2022, 2023, 2024, 2025]",True
449,Tercera División RFEF - Group 11,League,Spain,"[2019, 2020, 2021, 2022, 2023, 2024, 2025]",True
450,Tercera División RFEF - Group 12,League,Spain,"[2019, 2020, 2021, 2022, 2023, 2024, 2025]",True
451,Tercera División RFEF - Group 13,League,Spain,"[2019, 2020, 2021, 2022, 2023, 2024, 2025]",True
452,Tercera División RFEF - Group 14,League,Spain,"[2019, 2020, 2021, 2022, 2023, 2024, 2025]",True
453,Tercera División RFEF - Group 15,League,Spain,"[2019, 2020, 2021, 2022, 2023, 2024, 2025]",True
454,Tercera División RFEF - Group 16,League,Spain,"[2019, 2020, 2021, 2022, 2023, 2024, 2025]",True
455,Tercera División RFEF - Group 17,League,Spain,"[2019, 2020, 2021, 2022, 2023, 2024, 2025]",True
456,Tercera División RFEF - Group 18,League,Spain,"[2019, 2020, 2021, 2022, 2023, 2024, 2025]",True
457,Campeonato de Portugal Prio - Group A,League,Portugal,"[2019, 2020, 2021, 2022, 2023, 2024, 2025]",True
458,Campeonato de Portugal Prio - Group B,League,Portugal,"[2019, 2020, 2021, 2022, 2023, 2024, 2025]",True
459,Campeonato de Portugal Prio - Group C,League,Portugal,"[2019, 2020, 2021, 2022, 2023, 2024, 2025]",True
460,Campeonato de Portugal Prio - Group D,League,Portugal,"[2019, 2020, 2021, 2022, 2023, 2024, 2025]",True
461,National 3 - Group A,League,France,"[2019, 2020, 2021, 2022, 2023, 2024, 2025]",True
462,National 3 - Group B,League,France,"[2019, 2020, 2021, 2022, 2023, 2024, 2025]",True
463,National 3 - Group C,League,France,"[2019, 2020, 2021, 2022, 2023, 2024, 2025]",True
464,National 3 - Group D,League,France,"[2019, 2020, 2021, 2022, 2023, 2024, 2025]",True
465,National 3 - Group E,League,France,"[2019, 2020, 2021, 2022, 2023, 2024, 2025]",True
466,National 3 - Group F,League,France,"[2019, 2020, 2021, 2022, 2023, 2024, 2025]",True
467,National 3 - Group H,League,France,"[2019, 2020, 2021, 2022, 2023, 2024, 2025]",True
468,National 3 - Group I,League,France,"[2019, 2020, 2021, 2022, 2023, 2024]",True
469,National 3 - Group J,League,France,"[2019, 2020, 2021, 2022, 2023, 2024]",True
470,National 3 - Group K,League,France,"[2019, 2020, 2021, 2022, 2023]",True
473,2. Division - Group 1,League,Norway,"[2019, 2020, 2021, 2022, 2023, 2024, 2025]",True
474,2. Division - Group 2,League,Norway,"[2019, 2020, 2021, 2022, 2023, 2024, 2025]",True
484,Frauenliga,League,Austria,"[2019, 2020, 2021, 2022, 2023, 2024, 2025]",True
485,Federation Cup,Cup,Bahrain,"[2019, 2020, 2021, 2022, 2023]",True
486,Coppa,Cup,Belarus,"[2019, 2020, 2021, 2022, 2023, 2024, 2025]",True
487,First Amateur Division,League,Belgium,"[2019, 2020, 2021, 2022, 2023, 2024, 2025]",True
489,USL League One,League,USA,"[2019, 2020, 2021, 2022, 2023, 2024, 2025]",True
494,Super League 2,League,Greece,"[2019, 2020, 2021, 2022, 2023, 2024, 2025]",True
501,Copa Paraguay,Cup,Paraguay,"[2019, 2021, 2022, 2023, 2024, 2025]",True
503,Copa Perú,Cup,Peru,"[2019, 2021, 2022, 2023, 2024]",True
509,8 Cup,Cup,South-Africa,"[2019, 2020, 2021, 2022, 2023, 2024, 2025]",True
515,U21 League 1,League,Algeria,"[2019, 2020, 2021, 2022, 2023, 2024]",True
517,Trofeo de Campeones de la Superliga,Cup,Argentina,"[2019, 2021, 2022, 2023, 2024, 2025]",True
518,Reserve Pro League,League,Belgium,"[2019, 2020, 2021, 2022, 2023, 2024, 2025]",True
566,Ligue A,League,Burundi,"[2019, 2020, 2021, 2022, 2023, 2024, 2025]",True
572,Srpska Liga - Belgrade,League,Serbia,"[2019, 2020, 2021, 2022, 2023, 2024, 2025]",True
573,Srpska Liga - Vojvodina,League,Serbia,"[2019, 2020, 2021, 2022, 2023, 2024, 2025]",True
574,Srpska Liga - East,League,Serbia,"[2019, 2020, 2021, 2022, 2023, 2024, 2025]",True
575,Srpska Liga - West,League,Serbia,"[2019, 2020, 2021, 2022, 2023, 2024, 2025]",True
576,Gamma Ethniki - Group 1,League,Greece,"[2019, 2020, 2021, 2022, 2023, 2024, 2025]",True
577,Gamma Ethniki - Group 2,League,Greece,"[2019, 2020, 2021, 2022, 2023, 2024, 2025]",True
578,Gamma Ethniki - Group 3,League,Greece,"[2019, 2020, 2021, 2022, 2023, 2024, 2025]",True
579,Gamma Ethniki - Group 4,League,Greece,"[2019, 2020, 2021, 2022, 2023, 2024, 2025]",True
599,1. Liga Classic - Group 1,League,Switzerland,"[2019, 2020, 2021, 2022, 2023, 2024, 2025]",True
600,1. Liga Classic - Group 2,League,Switzerland,"[2019, 2020, 2021, 2022, 2023, 2024, 2025]",True
601,1. Liga Classic - Group 3,League,Switzerland,"[2019, 2020, 2021, 2022, 2023, 2024, 2025]",True
613,Baiano - 2,League,Brazil,"[2019, 2020, 2021, 2022, 2023, 2024, 2025]",True
620,Cearense - 2,League,Brazil,"[2019, 2020, 2021, 2022, 2023, 2024, 2025]",True
625,Carioca - 2,League,Brazil,"[2019, 2020, 2021, 2022, 2023, 2024, 2025]",True
633,NB III - Northeast,League,Hungary,"[2019, 2020, 2021, 2022, 2023, 2024, 2025]",True
634,NB III - Southwest,League,Hungary,"[2019, 2020, 2021, 2022, 2023, 2024, 2025]",True
635,NB III - Northwest,League,Hungary,"[2019, 2020, 2021, 2022, 2023, 2024, 2025]",True
254,NWSL Women,League,USA,"[2019, 2020, 2021, 2022, 2023, 2024, 2025]",True
192,New South Wales NPL,League,Australia,"[2019, 2020, 2021, 2022, 2023, 2024, 2025]",True
194,South Australia NPL,League,Australia,"[2019, 2020, 2021, 2022, 2023, 2024, 2025]",True
195,Victoria NPL,League,Australia,"[2019, 2020, 2021, 2022, 2023, 2024, 2025]",True
196,Western Australia NPL,League,Australia,"[2019, 2020, 2021, 2022, 2023, 2024, 2025]",True
357,Premier Division,League,Ireland,"[2019, 2020, 2021, 2022, 2023, 2024, 2025]",True
358,First Division,League,Ireland,"[2019, 2020, 2021, 2022, 2023, 2024, 2025]",True
523,NISA,League,USA,"[2019, 2020, 2021, 2022, 2023, 2024]",True
525,UEFA Champions League Women,Cup,World,"[2019, 2020, 2021, 2022, 2023, 2024, 2025]",True
533,CAF Super Cup,Cup,World,"[2019, 2020, 2021, 2022, 2023, 2024]",True
534,CONCACAF Caribbean Club Shield,Cup,World,"[2019, 2020, 2021, 2022, 2023, 2024, 2025]",True
546,FAI President's Cup,Cup,Ireland,"[2019, 2020, 2021, 2022, 2023, 2024]",True
482,Queensland NPL,League,Australia,"[2019, 2020, 2021, 2022, 2023, 2024, 2025]",True
275,Liga 2,League,Indonesia,"[2019, 2020, 2021, 2022, 2023, 2024]",True
395,Liga 1,League,Moldova,"[2019, 2020, 2021, 2022, 2023, 2024, 2025]",True
171,FA Cup,Cup,China,"[2019, 2020, 2021, 2022, 2023, 2024, 2025]",True
241,Copa Colombia,Cup,Colombia,"[2019, 2020, 2021, 2022, 2023, 2024, 2025]",True
147,Cup,Cup,Belgium,"[2019, 2020, 2021, 2022, 2023, 2024, 2025]",True
167,Cup,Cup,Iceland,"[2019, 2020, 2021, 2022, 2023, 2024, 2025]",True
168,League Cup,Cup,Iceland,"[2019, 2020, 2021, 2022, 2023, 2024, 2025]",True
359,FAI Cup,Cup,Ireland,"[2019, 2020, 2021, 2022, 2023, 2024, 2025]",True
385,Toto Cup Ligat Al,Cup,Israel,"[2019, 2020, 2021, 2022, 2023, 2024, 2025]",True
11,CONMEBOL Sudamericana,Cup,World,"[2019, 2020, 2021, 2022, 2023, 2024, 2025]",True
12,CAF Champions League,Cup,World,"[2019, 2020, 2021, 2022, 2023, 2024, 2025]",True
13,CONMEBOL Libertadores,Cup,World,"[2019, 2020, 2021, 2022, 2023, 2024, 2025]",True
209,Schweizer Cup,Cup,Switzerland,"[2019, 2020, 2021, 2022, 2023, 2024, 2025]",True
115,Svenska Cupen,Cup,Sweden,"[2019, 2020, 2021, 2022, 2023, 2024, 2025]",True
375,Cup,Cup,Slovenia,"[2019, 2020, 2021, 2022, 2023, 2024]",True
181,FA Cup,Cup,Scotland,"[2019, 2020, 2021, 2022, 2023, 2024, 2025]",True
182,Challenge Cup,Cup,Scotland,"[2019, 2021, 2022, 2023, 2024, 2025]",True
237,Cup,Cup,Russia,"[2019, 2020, 2021, 2022, 2023, 2024, 2025]",True
97,Taça da Liga,Cup,Portugal,"[2019, 2020, 2021, 2022, 2023, 2024, 2025]",True
108,Cup,Cup,Poland,"[2019, 2020, 2021, 2022, 2023, 2024, 2025]",True
105,NM Cupen,Cup,Norway,"[2019, 2021, 2022, 2023, 2024, 2025, 2026]",True
294,FA Cup,Cup,South-Korea,"[2019, 2020, 2021, 2022, 2023, 2024, 2025]",True
325,Santosh Trophy,Cup,India,"[2019, 2020, 2021, 2022, 2023, 2024]",True
347,Cup,Cup,Czech-Republic,"[2019, 2020, 2021, 2022, 2023, 2024, 2025]",True
565,Liga Primera U20,League,Nicaragua,"[2020, 2021, 2022, 2023, 2024, 2025]",True
602,Baiano - 1,League,Brazil,"[2020, 2021, 2022, 2023, 2024, 2025]",True
603,Paraibano,League,Brazil,"[2020, 2021, 2022, 2023, 2024, 2025]",True
604,Catarinense - 1,League,Brazil,"[2020, 2021, 2022, 2023, 2024, 2025]",True
605,Paulista - A3,League,Brazil,"[2020, 2021, 2022, 2023, 2024, 2025]",True
606,Paranaense - 1,League,Brazil,"[2020, 2021, 2022, 2023, 2024, 2025]",True
607,Roraimense,League,Brazil,"[2020, 2021, 2022, 2023, 2024, 2025]",True
608,Maranhense,League,Brazil,"[2020, 2021, 2022, 2023, 2024, 2025]",True
609,Cearense - 1,League,Brazil,"[2020, 2021, 2022, 2023, 2024, 2025]",True
610,Brasiliense,League,Brazil,"[2020, 2021, 2022, 2023, 2024, 2025]",True
611,Capixaba,League,Brazil,"[2020, 2021, 2022, 2023, 2024, 2025]",True
612,Copa do Nordeste,Cup,Brazil,"[2020, 2021, 2022, 2023, 2024, 2025]",True
614,Paranaense - 2,League,Brazil,"[2020, 2021, 2022, 2023, 2024, 2025]",True
615,Rondoniense,League,Brazil,"[2020, 2021, 2022, 2023, 2024, 2025]",True
616,Potiguar,League,Brazil,"[2020, 2021, 2022, 2023, 2024, 2025]",True
617,Copa do Brasil U20,Cup,Brazil,"[2020, 2021, 2022, 2023, 2024]",True
619,Mineiro - 2,League,Brazil,"[2020, 2021, 2022, 2023, 2024, 2025]",True
621,Piauiense,League,Brazil,"[2020, 2021, 2022, 2023, 2024, 2025]",True
622,Pernambucano - 1,League,Brazil,"[2020, 2021, 2022, 2023, 2024, 2025]",True
623,Sul-Matogrossense,League,Brazil,"[2020, 2021, 2022, 2023, 2024, 2025]",True
624,Carioca - 1,League,Brazil,"[2020, 2021, 2022, 2023, 2024, 2025]",True
626,Sergipano,League,Brazil,"[2020, 2021, 2022, 2023, 2024, 2025]",True
627,Paraense,League,Brazil,"[2020, 2021, 2022, 2023, 2024, 2025]",True
628,Goiano - 1,League,Brazil,"[2020, 2021, 2022, 2023, 2024, 2025]",True
629,Mineiro - 1,League,Brazil,"[2020, 2021, 2022, 2023, 2024, 2025]",True
630,Matogrossense,League,Brazil,"[2020, 2021, 2022, 2023, 2024, 2025]",True
631,Tocantinense,League,Brazil,"[2020, 2021, 2022, 2023, 2024, 2025]",True
632,Supercopa do Brasil,Cup,Brazil,"[2020, 2021, 2022, 2023, 2024, 2025]",True
636,Ýokary Liga,League,Turkmenistan,"[2020, 2021, 2022, 2023, 2024, 2025]",True
637,V.League 2,League,Vietnam,"[2020, 2021, 2022, 2023, 2024, 2025]",True
639,Super Cup,Cup,Iceland,"[2020, 2021, 2022, 2023, 2024, 2025]",True
640,Kansallinen Liiga,League,Finland,"[2020, 2021, 2022, 2023, 2024, 2025]",True
641,NWSL Women - Challenge Cup,Cup,USA,"[2020, 2021, 2022, 2023, 2024, 2025]",True
644,3. liga - West,League,Slovakia,"[2020, 2021, 2022, 2023, 2024, 2025]",True
645,3. liga - East,League,Slovakia,"[2020, 2021, 2022, 2023, 2024, 2025]",True
647,Lao League,League,Laos,"[2020, 2021, 2022, 2023, 2024, 2025]",True
648,Tasmania NPL,League,Australia,"[2020, 2021, 2022, 2023, 2024, 2025]",True
649,Supreme Division Women,League,Russia,"[2020, 2021, 2022, 2023, 2024, 2025]",True
650,Second League - Group 3,League,Russia,"[2020, 2021, 2022, 2023, 2024, 2025]",True
651,Second League - Group 1,League,Russia,"[2020, 2021, 2022, 2023, 2024, 2025]",True
652,Second League - Group 2,League,Russia,"[2020, 2021, 2022, 2023, 2024, 2025]",True
653,Second League - Group 4,League,Russia,"[2020, 2021, 2022, 2023, 2024, 2025]",True
656,Super Cup,Cup,Bulgaria,"[2020, 2021, 2022, 2023, 2024]",True
657,Cup,Cup,Estonia,"[2020, 2021, 2022, 2023, 2024, 2025]",True
658,Cup,Cup,Latvia,"[2020, 2021, 2022, 2023, 2024, 2025]",True
659,Super Cup,Cup,Israel,"[2020, 2021, 2022, 2023, 2024, 2025]",True
660,WK-League,League,South-Korea,"[2020, 2021, 2022, 2023, 2024, 2025]",True
661,Cup,Cup,Lithuania,"[2020, 2021, 2022, 2023, 2024, 2025]",True
663,Super Cup,Cup,Russia,"[2020, 2021, 2022, 2023, 2024, 2025]",True
666,Friendlies Women,Cup,World,"[2020, 2021, 2022, 2023, 2024, 2025]",True
667,Friendlies Clubs,Cup,World,"[2020, 2021, 2022, 2023, 2024, 2025]",True
668,1. Liga U19,League,Czech-Republic,"[2020, 2021, 2022, 2023, 2024, 2025]",True
669,1. Liga Women,League,Czech-Republic,"[2020, 2021, 2022, 2023, 2024, 2025]",True
671,Úrvalsdeild Women,League,Iceland,"[2020, 2021, 2022, 2023, 2024, 2025]",True
672,David Kipiani Cup,Cup,Georgia,"[2020, 2021, 2022, 2023, 2024, 2025]",True
673,Liga MX Femenil,League,Mexico,"[2020, 2021, 2022, 2023, 2024, 2025]",True
674,Cupa,Cup,Moldova,"[2020, 2021, 2022, 2023, 2024]",True
675,U21 Divisie 1,League,Netherlands,"[2020, 2021, 2022, 2023, 2024, 2025]",True
676,Central Youth League,League,Poland,"[2020, 2021, 2022, 2023, 2024, 2025]",True
680,Cup,Cup,Slovakia,"[2020, 2021, 2022, 2023, 2024, 2025]",True
685,3. liga - CFL B,League,Czech-Republic,"[2020, 2021, 2022, 2023, 2024, 2025]",True
686,4. liga - Divizie F,League,Czech-Republic,"[2020, 2021, 2022, 2023, 2024, 2025]",True
689,Third Amateur Division - ACFF A,League,Belgium,"[2020, 2021, 2022, 2023, 2024]",True
690,Third Amateur Division - ACFF B,League,Belgium,"[2020, 2021, 2022, 2023, 2024]",True
691,Provincial - Brabant ACFF,League,Belgium,"[2020, 2021, 2022, 2023, 2024]",True
695,U18 Premier League - North,League,England,"[2020, 2021, 2022, 2023, 2024, 2025]",True
696,U18 Premier League - South,League,England,"[2020, 2021, 2022, 2023, 2024, 2025]",True
697,WSL Cup,Cup,England,"[2020, 2021, 2022, 2023, 2024]",True
699,Women's Championship,League,England,"[2020, 2021, 2022, 2023, 2024, 2025]",True
701,Liga Revelação U23,League,Portugal,"[2020, 2021, 2022, 2023, 2024, 2025]",True
475,Paulista - A1,League,Brazil,"[2020, 2021, 2022, 2023, 2024, 2025]",True
476,Paulista - A2,League,Brazil,"[2020, 2021, 2022, 2023, 2024, 2025]",True
477,Gaúcho - 1,League,Brazil,"[2020, 2021, 2022, 2023, 2024, 2025]",True
478,Gaúcho - 2,League,Brazil,"[2020, 2021, 2022, 2023, 2024, 2025]",True
479,Canadian Premier League,League,Canada,"[2020, 2021, 2022, 2023, 2024, 2025]",True
702,Premier League 2 Division One,League,England,"[2020, 2021, 2022, 2023, 2024, 2025]",True
703,Professional Development League,League,England,"[2020, 2021, 2022, 2023, 2024, 2025]",True
704,Coppa Italia Primavera,Cup,Italy,"[2020, 2021, 2022, 2023, 2024, 2025]",True
705,Campionato Primavera - 1,League,Italy,"[2020, 2021, 2022, 2023, 2024, 2025]",True
706,Campionato Primavera - 2,League,Italy,"[2020, 2021, 2022, 2023, 2024, 2025]",True
707,Cup,Cup,Albania,"[2020, 2021, 2022, 2023, 2024]",True
708,Super Cup,Cup,Albania,"[2020, 2021, 2022, 2023, 2024]",True
709,Cup,Cup,Armenia,"[2020, 2021, 2022, 2023, 2024, 2025]",True
710,Nacional B,League,Bolivia,"[2020, 2021, 2022, 2023, 2024, 2025]",True
711,Segunda División,League,Chile,"[2020, 2021, 2022, 2023, 2024, 2025]",True
712,Liga Femenina,League,Colombia,"[2020, 2021, 2022, 2023, 2024, 2025]",True
713,Superliga,Cup,Colombia,"[2020, 2021, 2022, 2023, 2024, 2025]",True
715,DFB Junioren Pokal,Cup,Germany,"[2020, 2021, 2022, 2023, 2024, 2025]",True
719,Super Cup,Cup,Kuwait,"[2020, 2021, 2022, 2023, 2024]",True
720,Emir Cup,Cup,Kuwait,"[2020, 2021, 2022, 2023, 2024, 2025]",True
721,Cup,Cup,Luxembourg,"[2020, 2021, 2022, 2023, 2024]",True
722,Liga Premier Serie A,League,Mexico,"[2020, 2021, 2022, 2023, 2024, 2025]",True
723,Cup,Cup,Montenegro,"[2020, 2021, 2022, 2023, 2024]",True
724,U18 Divisie 1,League,Netherlands,"[2020, 2021, 2022, 2023]",True
726,Sultan Cup,Cup,Oman,"[2020, 2021, 2022, 2023, 2024]",True
727,Super Cup,Cup,Poland,"[2020, 2021, 2022, 2023, 2024, 2025]",True
728,Liga 1 Feminin,League,Romania,"[2020, 2021, 2022, 2023, 2024, 2025]",True
729,Coppa Titano,Cup,San-Marino,"[2020, 2021, 2022, 2023, 2024]",True
730,Football League - Highland League,League,Scotland,"[2020, 2021, 2022, 2023, 2024, 2025]",True
731,Football League - Lowland League,League,Scotland,"[2020, 2021, 2022, 2023, 2024, 2025]",True
732,Cup,Cup,Serbia,"[2020, 2021, 2022, 2023, 2024, 2025]",True
733,I Liga - Women,League,Slovakia,"[2020, 2021, 2022, 2023, 2024, 2025]",True
734,Diski Challenge,League,South-Africa,"[2020, 2021, 2022, 2023, 2024, 2025]",True
735,Copa Federacion,Cup,Spain,"[2020, 2021, 2022, 2023, 2024, 2025]",True
737,Svenska Cupen - Women,Cup,Sweden,"[2020, 2021, 2022, 2023, 2024, 2025]",True
738,League Cup,Cup,Wales,"[2020, 2021, 2022, 2023, 2024, 2025]",True
739,AXA Women’s Super League,League,Switzerland,"[2020, 2021, 2022, 2023, 2024, 2025]",True
740,Brasileiro U20 A,Cup,Brazil,"[2020, 2021, 2022, 2023, 2024, 2025]",True
742,Copa Paulista,Cup,Brazil,"[2020, 2021, 2022, 2023, 2024, 2025]",True
744,Oberliga - Schleswig-Holstein,League,Germany,"[2020, 2021, 2022, 2023, 2024, 2025]",True
745,Oberliga - Hamburg,League,Germany,"[2020, 2021, 2022, 2023, 2024, 2025]",True
746,Oberliga - Mittelrhein,League,Germany,"[2020, 2021, 2022, 2023, 2024, 2025]",True
747,Oberliga - Westfalen,League,Germany,"[2020, 2021, 2022, 2023, 2024, 2025]",True
748,Oberliga - Niedersachsen,League,Germany,"[2020, 2021, 2022, 2023, 2024, 2025]",True
749,Oberliga - Bremen,League,Germany,"[2020, 2021, 2022, 2023, 2024, 2025]",True
750,Oberliga - Hessen,League,Germany,"[2020, 2021, 2022, 2023, 2024, 2025]",True
751,Oberliga - Niederrhein,League,Germany,"[2020, 2021, 2022, 2023, 2024, 2025]",True
752,Oberliga - Rheinland-Pfalz / Saar,League,Germany,"[2020, 2021, 2022, 2023, 2024, 2025]",True
753,Oberliga - Baden-Württemberg,League,Germany,"[2020, 2021, 2022, 2023, 2024, 2025]",True
754,Oberliga - Nordost-Nord,League,Germany,"[2020, 2021, 2022, 2023, 2024, 2025]",True
755,Oberliga - Nordost-Süd,League,Germany,"[2020, 2021, 2022, 2023, 2024, 2025]",True
756,Cup,Cup,Macedonia,"[2020, 2021, 2022, 2023, 2024, 2025]",True
757,Irish Cup,Cup,Northern-Ireland,"[2020, 2021, 2022, 2023, 2024]",True
758,Premier Division,League,Gibraltar,"[2020, 2021, 2022, 2023, 2024, 2025]",True
759,Liga Mayor,League,Dominican-Republic,"[2020, 2021, 2022, 2023, 2024, 2025]",True
760,LFA First Division,League,Liberia,"[2020, 2021, 2022, 2023, 2024]",True
761,Cup,Cup,Liechtenstein,"[2020, 2021, 2022, 2023, 2024, 2025]",True
762,Premier League,League,Mauritania,"[2020, 2021, 2022, 2023, 2024]",True
764,Premier League,League,Mongolia,"[2020, 2021, 2022, 2023, 2024, 2025]",True
774,3. Division - Girone 1,League,Norway,"[2020, 2021, 2022, 2023, 2024, 2025]",True
775,3. Division - Girone 2,League,Norway,"[2020, 2021, 2022, 2023, 2024, 2025]",True
776,3. Division - Girone 3,League,Norway,"[2020, 2021, 2022, 2023, 2024, 2025]",True
777,3. Division - Girone 4,League,Norway,"[2020, 2021, 2022, 2023, 2024, 2025]",True
778,3. Division - Girone 5,League,Norway,"[2020, 2021, 2022, 2023, 2024, 2025]",True
779,3. Division - Girone 6,League,Norway,"[2020, 2021, 2022, 2023, 2024, 2025]",True
780,III Liga - Group 1,League,Poland,"[2020, 2021, 2022, 2023, 2024, 2025]",True
781,III Liga - Group 2,League,Poland,"[2020, 2021, 2022, 2023, 2024, 2025]",True
782,III Liga - Group 3,League,Poland,"[2020, 2021, 2022, 2023, 2024, 2025]",True
783,III Liga - Group 4,League,Poland,"[2020, 2021, 2022, 2023, 2024, 2025]",True
796,2. Liga Interregional - Group 1,League,Switzerland,"[2020, 2021, 2022, 2023, 2024]",True
797,2. Liga Interregional - Group 2,League,Switzerland,"[2020, 2021, 2022, 2023, 2024]",True
798,2. Liga Interregional - Group 3,League,Switzerland,"[2020, 2021, 2022, 2023, 2024]",True
799,2. Liga Interregional - Group 4,League,Switzerland,"[2020, 2021, 2022, 2023, 2024]",True
802,Cup,Cup,Uzbekistan,"[2020, 2021, 2022, 2023, 2024, 2025]",True
809,Super Cup,Cup,Andorra,"[2020, 2021, 2022, 2023, 2024]",True
811,Federation Cup,Cup,Bangladesh,"[2020, 2021, 2022, 2023, 2024]",True
817,Super Cup Primavera,Cup,Italy,"[2020, 2021, 2022, 2023, 2024, 2025]",True
820,Crown Prince Cup,Cup,Kuwait,"[2020, 2021, 2022, 2023, 2024]",True
821,FA Trophy,Cup,Malta,"[2020, 2021, 2022, 2023, 2024]",True
822,Cup,Cup,Morocco,"[2020, 2021, 2022, 2023, 2024]",True
828,Ligue 2,League,Tunisia,"[2020, 2021, 2022, 2023, 2024]",True
830,Super Cup,Cup,Uzbekistan,"[2020, 2021, 2022, 2023, 2024]",True
843,Copa Verde,Cup,Brazil,"[2020, 2021, 2022, 2023, 2024, 2025]",True
844,Ligue 1,League,Congo,"[2020, 2021, 2022, 2023, 2024, 2025]",True
845,GFA League,League,Gambia,"[2020, 2021, 2022, 2023, 2024]",True
847,Premier League,League,Eswatini,"[2020, 2021, 2022, 2023, 2024]",True
541,CONMEBOL Recopa,Cup,World,"[2020, 2021, 2022, 2023, 2024, 2025]",True
542,Iraqi League,League,Iraq,"[2020, 2021, 2021, 2022, 2023, 2024, 2025]",True
548,Super Cup,Cup,Japan,"[2020, 2021, 2022, 2023, 2024, 2025]",True
549,Damallsvenskan,League,Sweden,"[2020, 2021, 2022, 2023, 2024, 2025]",True
562,Reserve League,League,Belarus,"[2020, 2021, 2022, 2023, 2024]",True
856,CONCACAF Caribbean Club Championship,Cup,World,"[2021, 2022, 2023, 2024, 2025]",True
857,Campeón de Campeones,Cup,Mexico,"[2021, 2022, 2023, 2024, 2025]",True
859,COSAFA Cup,Cup,World,"[2021, 2022, 2023, 2024, 2025]",True
862,3. Division,League,Denmark,"[2021, 2022, 2023, 2024, 2025]",True
864,Supercopa,Cup,Costa-Rica,"[2021, 2022, 2023, 2024]",True
865,Liga 3,League,Portugal,"[2021, 2022, 2023, 2024, 2025]",True
866,MLS All-Star,Cup,USA,"[2021, 2022, 2023, 2024, 2025]",True
891,Coppa Italia Serie C,Cup,Italy,"[2021, 2022, 2023, 2024, 2025]",True
871,Premier League Cup,Cup,England,"[2021, 2022, 2023, 2024, 2025]",True
872,Liga Premier Serie B,League,Mexico,"[2021, 2022, 2023, 2024, 2025]",True
873,Thai Champions Cup,Cup,Thailand,"[2021, 2022, 2023]",True
874,Australia Cup,Cup,Australia,"[2021, 2022, 2023, 2024, 2025]",True
875,Segunda División RFEF - Group 1,League,Spain,"[2021, 2022, 2023, 2024, 2025]",True
876,Segunda División RFEF - Group 2,League,Spain,"[2021, 2022, 2023, 2024, 2025]",True
877,Segunda División RFEF - Group 3,League,Spain,"[2021, 2022, 2023, 2024, 2025]",True
878,Segunda División RFEF - Group 4,League,Spain,"[2021, 2022, 2023, 2024, 2025]",True
879,Segunda División RFEF - Group 5,League,Spain,"[2021, 2022, 2023, 2024, 2025]",True
884,Super Cup,Cup,San-Marino,"[2021, 2022, 2023, 2024, 2025]",True
887,Second League,League,Egypt,"[2021, 2022, 2023, 2024, 2025]",True
890,U20 Elite League,Cup,World,"[2021, 2022, 2023, 2024, 2025]",True
892,Coppa Italia Serie D,Cup,Italy,"[2021, 2022, 2023, 2024]",True
867,Copa Paulino Alcantara,League,Philippines,"[2021, 2022, 2023]",True
895,League Cup,Cup,Egypt,"[2021, 2022, 2023, 2024]",True
896,Super Cup,Cup,United-Arab-Emirates,"[2021, 2022, 2023, 2024]",True
898,League Cup,Cup,Thailand,"[2021, 2022, 2023, 2024]",True
725,Toppserien,League,Norway,"[2021, 2022, 2023, 2024, 2025]",True
736,Elitettan,League,Sweden,"[2021, 2022, 2023, 2024, 2025]",True
812,Super Cup,Cup,Belarus,"[2021, 2022, 2023, 2024, 2025]",True
814,Reykjavik Cup,Cup,Iceland,"[2021, 2022, 2023, 2024, 2025]",True
818,Super Cup,Cup,Kazakhstan,"[2021, 2022, 2023, 2024, 2025]",True
823,Nasjonal U19 Champions League,Cup,Norway,"[2021, 2022, 2023, 2024, 2025]",True
824,Emir Cup,Cup,Qatar,"[2021, 2022, 2023, 2024, 2025]",True
825,Qatar Cup,Cup,Qatar,"[2021, 2022, 2023, 2024]",True
826,Super Cup,Cup,Saudi-Arabia,"[2021, 2022, 2023, 2024, 2025, 2026]",True
833,Queensland Premier League,League,Australia,"[2021, 2022, 2023, 2024, 2025]",True
834,South Australia State League 1,League,Australia,"[2021, 2022, 2023, 2024, 2025]",True
835,New South Wales NPL 2,League,Australia,"[2021, 2022, 2023, 2024, 2025]",True
836,Victoria NPL 2,League,Australia,"[2021, 2022, 2023, 2024, 2025]",True
839,Super Cup,Cup,Lithuania,"[2021, 2022, 2023, 2024, 2025]",True
842,Super Copa,Cup,Uruguay,"[2021, 2022, 2023, 2024, 2025]",True
846,Somali Premier League,League,Somalia,"[2021, 2022, 2023, 2024]",True
848,UEFA Europa Conference League,Cup,World,"[2021, 2022, 2023, 2024, 2025]",True
851,Carioca A2,League,Brazil,"[2021, 2022, 2023, 2024, 2025]",True
852,Super Cup,Cup,Cyprus,"[2021, 2022, 2023, 2024]",True
854,WE League,League,Japan,"[2021, 2022, 2023, 2024, 2025]",True
855,Dhivehi Premier League,League,Maldives,"[2021, 2022, 2023]",True
